1,'Hello there!'
2,'How are you doing today?'
3,'Nice to meet you.'
4,'What can I help you with?'
5,'That sounds interesting.'
6,'Can you explain that again?'
7,'I am not sure I understand.'
8,'Could you give me more details?'
9,'Thanks for sharing that.'
10,'I appreciate your help.'
11,'Let me think about that.'
12,'That is a good question.'
13,'I will look into it.'
14,'Give me a moment please.'
15,'I agree with you.'
16,'I disagree with that.'
17,'That makes sense.'
18,'I am confused.'
19,'Can you clarify?'
20,'What do you mean by that?'
21,'That sounds great!'
22,'I am excited about this.'
23,'This is frustrating.'
24,'I understand now.'
25,'Thanks for explaining.'
26,'No problem at all.'
27,'You are welcome.'
28,'Anytime!'
29,'Let us continue.'
30,'What is next?'
31,'Tell me more.'
32,'I would like to know more.'
33,'That is enough for now.'
34,'Let us stop here.'
35,'See you later.'
36,'Goodbye!'
37,'Have a nice day.'
38,'Take care.'
39,'Talk to you soon.'
40,'I will get back to you.'
41,'Can we revisit this later?'
42,'This is important.'
43,'Please pay attention.'
44,'That is not correct.'
45,'Try again.'
46,'Good job!'
47,'Well done.'
48,'Keep going.'
49,'Do not give up.'
50,'You can do it.'
51,'Let me check.'
52,'I will verify that.'
53,'That seems right.'
54,'That seems wrong.'
55,'Interesting point.'
56,'I had not thought of that.'
57,'That changes things.'
58,'Let us try a different approach.'
59,'What do you suggest?'
60,'I need more time.'
61,'This will take a while.'
62,'Almost done.'
63,'Just a second.'
64,'Hold on.'
65,'Please wait.'
66,'Ready when you are.'
67,'Let us begin.'
68,'Starting now.'
69,'Finished already.'
70,'That was quick.'
71,'That took longer than expected.'
72,'Everything looks good.'
73,'There is an issue.'
74,'We need to fix this.'
75,'Let us solve it.'
76,'I found the problem.'
77,'Here is the solution.'
78,'Does this help?'
79,'Let me know your thoughts.'
80,'What do you think?'
81,'I think this works.'
82,'I am not convinced.'
83,'Can you prove it?'
84,'Show me an example.'
85,'Here is an example.'
86,'Try this instead.'
87,'This might work better.'
88,'I recommend this.'
89,'It depends.'
90,'That is optional.'
91,'This is required.'
92,'Please confirm.'
93,'Confirmed.'
94,'Cancelled.'
95,'Processing your request.'
96,'Request completed.'
97,'Request failed.'
98,'Please try again later.'
99,'System is busy.'
100,'All set.'
101,'Let us review.'
102,'Review completed.'
103,'Changes applied.'
104,'No changes needed.'
105,'Saving progress.'
106,'Progress saved.'
107,'Loading data.'
108,'Data loaded.'
109,'Connection lost.'
110,'Connection restored.'
111,'Error occurred.'
112,'No errors found.'
113,'Debugging now.'
114,'Issue resolved.'
115,'Let us test it.'
116,'Test successful.'
117,'Test failed.'
118,'Retrying.'
119,'Retry successful.'
120,'Retry failed.'
121,'Moving forward.'
122,'Going back.'
123,'Step completed.'
124,'Next step.'
125,'Previous step.'
126,'Final step.'
127,'Process started.'
128,'Process stopped.'
129,'Process paused.'
130,'Process resumed.'
131,'Everything is under control.'
132,'Something went wrong.'
133,'We will handle it.'
134,'Stay calm.'
135,'Focus on the task.'
136,'Keep it simple.'
137,'That is complicated.'
138,'Let us simplify it.'
139,'Break it down.'
140,'Piece by piece.'
141,'Step by step.'
142,'Almost there.'
143,'Just one more thing.'
144,'That is all.'
145,'Nothing else to add.'
146,'Any questions?'
147,'Feel free to ask.'
148,'I am here to help.'
149,'Glad to assist.'
150,'Happy to help.'
151,'Let us wrap up.'
152,'Wrapping up now.'
153,'Session ended.'
154,'Session started.'
155,'Welcome back.'
156,'Good to see you again.'
157,'Long time no see.'
158,'Hope you are well.'
159,'Everything okay?'
160,'Let me know if not.'
161,'I can adjust.'
162,'We can change that.'
163,'That works for me.'
164,'Sounds good.'
165,'Perfect.'
166,'Not perfect, but okay.'
167,'Could be better.'
168,'Needs improvement.'
169,'Let us improve it.'
170,'We are making progress.'
171,'Slow but steady.'
172,'Fast and efficient.'
173,'Careful with that.'
174,'Watch out.'
175,'Be mindful.'
176,'Take your time.'
177,'No rush.'
178,'Hurry up.'
179,'Deadline is near.'
180,'We made it.'
181,'Success!'
182,'Failure.'
183,'Try a new way.'
184,'Think differently.'
185,'Be creative.'
186,'Stay consistent.'
187,'Keep learning.'
188,'Never stop.'
189,'Always improving.'
190,'That is the goal.'
191,'Mission accomplished.'
192,'Work in progress.'
193,'Under review.'
194,'Approved.'
195,'Rejected.'
196,'Pending.'
197,'Completed successfully.'
198,'Completed with errors.'
199,'Awaiting input.'
200,'Done.'
201,'Greetings, traveler.'
202,'Welcome to the realm of Eldoria.'
203,'The king awaits your presence.'
204,'Beware the darkness beyond the forest.'
205,'Have you come to accept the quest?'
206,'Your journey begins here.'
207,'The dragons have returned.'
208,'I sense great power within you.'
209,'You must gather your party.'
210,'Danger lurks in every shadow.'
211,'The tavern is full of rumors tonight.'
212,'A bounty has been placed on the beast.'
213,'Sharpen your blade before you leave.'
214,'Magic flows strongly in this land.'
215,'The guild is recruiting new members.'
216,'Have you visited the marketplace?'
217,'Potions are essential for survival.'
218,'The healer can restore your strength.'
219,'Your armor needs repair.'
220,'You have gained a level.'
221,'New skills are now available.'
222,'The dungeon entrance is nearby.'
223,'Only the brave enter there.'
224,'Treasures await those who dare.'
225,'The quest is not yet complete.'
226,'Return when you have the relic.'
227,'The relic is hidden deep underground.'
228,'Monsters guard the treasure.'
229,'Your reputation has increased.'
230,'The villagers trust you now.'
231,'A storm is coming.'
232,'The skies darken with magic.'
233,'Ancient runes glow on the walls.'
234,'You feel a strange presence.'
235,'The portal has opened.'
236,'Step through if you dare.'
237,'This land is cursed.'
238,'Only a hero can lift the curse.'
239,'Your destiny awaits.'
240,'The prophecy speaks of you.'
241,'Light your torch in the darkness.'
242,'Listen closely to the spirits.'
243,'The forest whispers secrets.'
244,'You are not alone here.'
245,'Enemies approach.'
246,'Prepare for battle.'
247,'Attack now!'
248,'Defend yourself!'
249,'Use your abilities wisely.'
250,'Your mana is low.'
251,'Your health is critical.'
252,'Drink a potion quickly.'
253,'You have been defeated.'
254,'You have respawned at the shrine.'
255,'Do not give up.'
256,'Victory is within reach.'
257,'You have slain the beast.'
258,'Loot the treasure chest.'
259,'You found a rare item.'
260,'Equip your new gear.'
261,'This weapon is powerful.'
262,'Your inventory is full.'
263,'Sell your items at the shop.'
264,'Gold has been added to your pouch.'
265,'You need more gold.'
266,'Complete quests to earn rewards.'
267,'The path splits ahead.'
268,'Choose your direction carefully.'
269,'A hidden passage reveals itself.'
270,'You discovered a secret area.'
271,'The boss has appeared.'
272,'This foe is formidable.'
273,'Call for assistance.'
274,'Your allies have joined the fight.'
275,'Together you are stronger.'
276,'Coordinate your attacks.'
277,'The enemy is weakened.'
278,'Finish it now!'
279,'The battle is won.'
280,'Peace returns briefly.'
281,'Darkness will rise again.'
282,'Prepare for the next challenge.'
283,'Your skills have improved.'
284,'You feel stronger.'
285,'Your magic has evolved.'
286,'A new spell is unlocked.'
287,'Channel your energy.'
288,'Focus your mind.'
289,'The ritual is complete.'
290,'The summoning has begun.'
291,'A creature emerges from the void.'
292,'Stand your ground.'
293,'Retreat if necessary.'
294,'The gates are closing.'
295,'Hurry before it is too late.'
296,'You made it just in time.'
297,'The artifact is yours.'
298,'Guard it well.'
299,'Its power is immense.'
300,'Use it wisely.'
301,'The council will hear of this.'
302,'Your fame spreads across the land.'
303,'Bards sing of your deeds.'
304,'You are becoming a legend.'
305,'But greater trials await.'
306,'The north is in peril.'
307,'Travel to the frozen wastes.'
308,'The desert calls for aid.'
309,'Sail across the great sea.'
310,'Chart your own path.'
311,'Adventure lies ahead.'
312,'The journey never ends.'
313,'Rest at the inn.'
314,'Recover your strength.'
315,'Dreams reveal hidden truths.'
316,'Morning has come.'
317,'Another day, another quest.'
318,'The cycle continues.'
319,'Will you rise to the challenge?'
320,'Only time will tell.'
321,'Your courage is admirable.'
322,'Your fear is understandable.'
323,'Even heroes falter.'
324,'Stand back up.'
325,'Try again, warrior.'
326,'The enemy grows stronger.'
327,'So must you.'
328,'Seek better equipment.'
329,'Train your abilities.'
330,'Master your class.'
331,'Choose your specialization.'
332,'The path of magic awaits.'
333,'The warrior path is yours.'
334,'Stealth is your ally.'
335,'Shadows conceal you.'
336,'Strike from the darkness.'
337,'Your target is unaware.'
338,'Critical hit!'
339,'That was effective.'
340,'The enemy retaliates.'
341,'Brace yourself.'
342,'The ground trembles.'
343,'Something massive approaches.'
344,'This cannot be good.'
345,'Stay alert.'
346,'Trust your instincts.'
347,'Follow the map.'
348,'You are close.'
349,'Just a little further.'
350,'You have arrived.'
351,'The temple stands before you.'
352,'Enter with caution.'
353,'Ancient guardians awaken.'
354,'Solve the puzzle to proceed.'
355,'The door unlocks.'
356,'A hidden chamber opens.'
357,'You feel rewarded.'
358,'Treasure surrounds you.'
359,'Take what you can carry.'
360,'Leave nothing behind.'
361,'Time is running out.'
362,'Escape while you can.'
363,'You barely made it out.'
364,'That was intense.'
365,'Well fought.'
366,'Your legend grows.'
367,'The realm is safer now.'
368,'For the moment.'
369,'Evil never rests.'
370,'Nor should you.'
371,'Prepare once more.'
372,'The next quest awaits.'
373,'Are you ready?'
374,'Let us begin again.'
375,'Your story continues.'
376,'Write your own destiny.'
377,'The world is vast.'
378,'Explore every corner.'
379,'Secrets are everywhere.'
380,'Keep your eyes open.'
381,'Your adventure is unique.'
382,'No two paths are the same.'
383,'Forge your legacy.'
384,'Become a hero.'
385,'Or something more.'
386,'Power comes at a cost.'
387,'Choose wisely.'
388,'The balance must be kept.'
389,'Light and dark collide.'
390,'Which side will you choose?'
391,'The final battle nears.'
392,'All hope rests with you.'
393,'Do not fail.'
394,'The fate of the realm is in your hands.'
395,'Stand tall, champion.'
396,'This is your moment.'
397,'Fight with honor.'
398,'Victory or defeat awaits.'
399,'The end is only the beginning.'
400,'Legends never die.'