1,"LF1M Healer for Sunken Temple run. Must have discord.","2026-03-28 10:00:05"
2,"WTS [Dragon Scale Armor] 500g OBO! PM me.","2026-03-28 10:01:12"
3,"anyone know where the quest giver for 'Lost Relics' is?","2026-03-28 10:02:45"
4,"Selling powerleveling 1-20! Cheap rates!","2026-03-28 10:03:10"
5,"Guys, the server lag is insane right now.","2026-03-28 10:04:22"
6,"WTB stacks of Iron Ore, paying 20g per stack.","2026-03-28 10:05:01"
7,"Guild <Shadow Order> is recruiting active players!","2026-03-28 10:05:55"
8,"I just dropped my first legendary!!! LETS GOO","2026-03-28 10:07:30"
9,"Can someone help me with the boss in the Spider Den?","2026-03-28 10:08:15"
10,"Stop camping the spawn point you cowards!","2026-03-28 10:09:40"
11,"Does Agility affect crit rate for Rogues?","2026-03-28 10:10:05"
12,"LF Tank and DPS for Daily Dungeon. Quick run.","2026-03-28 10:11:22"
13,"Selling [Rare Mana Potion] x20.","2026-03-28 10:12:45"
14,"Where is the auction house in this town?","2026-03-28 10:13:33"
15,"PvP at the Crossroads! Alliance is raiding!","2026-03-28 10:14:10"
16,"Looking for a friendly guild that does raids on weekends.","2026-03-28 10:15:25"
17,"The drop rate for this quest item is 0% I swear...","2026-03-28 10:16:40"
18,"Trading [Blue Silk] for [Heavy Leather].","2026-03-28 10:17:15"
19,"Healer LFG for any high level dungeon.","2026-03-28 10:18:50"
20,"Just reached level 50! Finally!","2026-03-28 10:20:00"
21,"LF DPS for raid, must have 4k+ gearscore.","2026-03-28 10:21:12"
22,"Who wants to duel in front of the main gate?","2026-03-28 10:22:05"
23,"Selling [Phoenix Feather] x5. PST with offer.","2026-03-28 10:23:14"
24,"Wait, how do I mount my horse?","2026-03-28 10:24:45"
25,"BRB, pizza is here.","2026-03-28 10:25:30"
26,"Anyone seen the World Boss spawn yet?","2026-03-28 10:26:15"
27,"Guild <No Life> looking for core raiders!","2026-03-28 10:27:55"
28,"WTS [Healing Herb] stacks, 15g each.","2026-03-28 10:28:40"
29,"Why is the mage class so nerfed in this patch?","2026-03-28 10:30:10"
30,"LF group for Elite quest 'The Dark Tower'.","2026-03-28 10:31:05"
31,"Does anyone have a spare portal to the Capital?","2026-03-28 10:32:44"
32,"Report the gold bot in the starting area please.","2026-03-28 10:33:15"
33,"Is the server going down for maintenance soon?","2026-03-28 10:34:50"
34,"Selling [Epic Gem] - 2000 gold non-negotiable.","2026-03-28 10:35:20"
35,"LF Tank for Heroic run. We have a summon.","2026-03-28 10:36:12"
36,"Imagine dying to a level 10 wolf at level 20 lol.","2026-03-28 10:37:05"
37,"WTB [Moonlight Cloth] PM me prices.","2026-03-28 10:38:45"
38,"Anyone want to trade a pet for a mount?","2026-03-28 10:39:30"
39,"Help, I am stuck in a rock near the river!","2026-03-28 10:40:55"
40,"Looking for a craftsperson to make [Steel Plate].","2026-03-28 10:41:20"
41,"What is the best spec for solo leveling?","2026-03-28 10:42:15"
42,"LF2M for Arena team, 1800+ rating please.","2026-03-28 10:43:40"
43,"WTS [Ancient Map] - leads to hidden treasure.","2026-03-28 10:44:05"
44,"The graphics in this game are stunning.","2026-03-28 10:45:12"
45,"Selling enchantments for weapons, whisper me!","2026-03-28 10:46:50"
46,"I need 10 more wolf pelts, why won't they drop?","2026-03-28 10:47:33"
47,"Guild <Kingslayer> now 10/10 in Heroic Raid!","2026-03-28 10:48:22"
48,"WTB [Strong Fishing Pole] paying well.","2026-03-28 10:49:15"
49,"How do I leave a party?","2026-03-28 10:50:40"
50,"Anyone want to do some casual PvP?","2026-03-28 10:51:05"
51,"LF Healer for Shadow Labyrinth. PST.","2026-03-28 10:52:45"
52,"Selling [Ogre Strength Potion] x10.","2026-03-28 10:53:30"
53,"WTS [Legendary Handle] for 10k gold.","2026-03-28 10:54:15"
54,"Found a glitch in the waterfall! Check it out.","2026-03-28 10:55:20"
55,"LF Tank and Healer for fast dungeon spam.","2026-03-28 10:56:44"
56,"Does anyone know if the boss is bugged?","2026-03-28 10:57:12"
57,"WTB [Runecloth] stacks. Mail them to me.","2026-03-28 10:58:30"
58,"Guild <The Immortals> looking for healers!","2026-03-28 10:59:05"
59,"Just hit 500 gold! Rich at last!","2026-03-28 11:00:22"
60,"Who is the best player on this server?","2026-03-28 11:01:40"
61,"LF group for 'The Cursed Forest' quest.","2026-03-28 11:02:55"
62,"Selling [Enchanted Dust] in bulk.","2026-03-28 11:03:15"
63,"Where do I find the master blacksmith?","2026-03-28 11:04:40"
64,"Looking for a leveling buddy, I'm level 15.","2026-03-28 11:05:12"
65,"WTS [Rare Shield] with high block rate.","2026-03-28 11:06:33"
66,"Is the rogue's stealth broken again?","2026-03-28 11:07:50"
67,"LF1M for group at the ogre camp.","2026-03-28 11:08:15"
68,"Trading [Silver Ore] for [Gold Ore].","2026-03-28 11:09:44"
69,"Anyone selling a flying mount?","2026-03-28 11:10:05"
70,"Finally finished that 3 hour dungeon run!","2026-03-28 11:11:22"
71,"LF Tank for world boss, we have 20 people.","2026-03-28 11:12:45"
72,"WTB [Exotic Spices] for cooking quest.","2026-03-28 11:13:30"
73,"Guild <Mythic> recruiting for social fun!","2026-03-28 11:14:55"
74,"Selling [Superior Mana Potion] x50.","2026-03-28 11:15:15"
75,"Does anyone need a mage for their group?","2026-03-28 11:16:40"
76,"WTS [Dragon Bone] - very rare!","2026-03-28 11:17:12"
77,"Help! I accidentally sold my quest item!","2026-03-28 11:18:33"
78,"LF DPS for 'The Lost City' dungeon.","2026-03-28 11:19:50"
79,"Where is the nearest mailbox?","2026-03-28 11:20:05"
80,"Looking for a high level enchanter.","2026-03-28 11:21:44"
81,"WTB [Linen Cloth] for tailoring.","2026-03-28 11:22:15"
82,"How do I get to the other continent?","2026-03-28 11:23:40"
83,"LF Healer for 2v2 arena.","2026-03-28 11:24:12"
84,"Selling [Mystic Wand] - level 25 required.","2026-03-28 11:25:33"
85,"Is there a bank in this outpost?","2026-03-28 11:26:50"
86,"WTS [Heavy Stone] x20.","2026-03-28 11:27:15"
87,"Guild <Dragonbane> is looking for tanks.","2026-03-28 11:28:44"
88,"Just saw a GM in the main city!","2026-03-28 11:29:05"
89,"LF group for elite quest in the swamp.","2026-03-28 11:30:22"
90,"Trading [Ruby] for [Emerald].","2026-03-28 11:31:40"
91,"Looking for someone to help with a dungeon.","2026-03-28 11:32:55"
92,"WTB [Iron Bar] x100.","2026-03-28 11:33:15"
93,"How many levels until I can ride a mount?","2026-03-28 11:34:40"
94,"LF1M Tank for fast dungeon run.","2026-03-28 11:35:12"
95,"Selling [Leather Boots] - great stats!","2026-03-28 11:36:33"
96,"Is it worth it to level up fishing?","2026-03-28 11:37:50"
97,"WTS [Rare Recipe] for Alchemy.","2026-03-28 11:38:15"
98,"LF Healer for elite quests.","2026-03-28 11:39:44"
99,"Anyone want to join my party?","2026-03-28 11:40:05"
100,"Guild <Titans> is now recruiting!","2026-03-28 11:41:22"
101,"LF Tank for 'The Sunken Temple'.","2026-03-28 11:42:45"
102,"WTB [Wool Cloth] stacks.","2026-03-28 11:43:30"
103,"Selling [Magic Dust] whisper for price.","2026-03-28 11:44:55"
104,"Does anyone know the respawn time for the boss?","2026-03-28 11:45:15"
105,"LF2M DPS for dungeon crawl.","2026-03-28 11:46:40"
106,"WTS [Steel Axe] - level 30.","2026-03-28 11:47:12"
107,"Where is the best place to farm gold?","2026-03-28 11:48:33"
108,"Looking for a crafting guild.","2026-03-28 11:49:50"
109,"LF Healer and Tank for daily quest.","2026-03-28 11:50:05"
110,"Trading [Copper] for [Tin].","2026-03-28 11:51:44"
111,"Who wants to go on a raid tonight?","2026-03-28 11:52:15"
112,"WTB [Rare Ore] whisper me.","2026-03-28 11:53:40"
113,"Selling [Healing Potion] in bulk.","2026-03-28 11:54:12"
114,"How do I reset my talent points?","2026-03-28 11:55:33"
115,"LF1M for 'The Dark Forest' group.","2026-03-28 11:56:50"
116,"WTS [Legendary Item] - serious offers only.","2026-03-28 11:57:15"
117,"Guild <Vengeance> is recruiting raiders!","2026-03-28 11:58:44"
118,"Is the auction house down?","2026-03-28 11:59:05"
119,"LF Tank for 'The Fire Caves'.","2026-03-28 12:00:22"
120,"WTB [Exotic Pet] whisper price.","2026-03-28 12:01:40"
121,"Selling [Rare Herbs] for Alchemy.","2026-03-28 12:02:55"
122,"Looking for help with a level 40 quest.","2026-03-28 12:03:15"
123,"LF Healer for 'The Lost City'.","2026-03-28 12:04:40"
124,"Does anyone have a spare mount?","2026-03-28 12:05:12"
125,"WTS [Epic Shield] whisper for stats.","2026-03-28 12:06:33"
126,"Where is the master trainer for Blacksmithing?","2026-03-28 12:07:50"
127,"LF1M DPS for quick dungeon run.","2026-03-28 12:08:15"
128,"Trading [Silver] for [Gold].","2026-03-28 12:09:44"
129,"WTB [Rare Gem] for crafting.","2026-03-28 12:10:05"
130,"Guild <Eclipse> looking for active members.","2026-03-28 12:11:22"
131,"Who wants to join a PvP group?","2026-03-28 12:12:45"
132,"LF Tank and Healer for raid.","2026-03-28 12:13:30"
133,"Selling [Magic Wand] whisper for price.","2026-03-28 12:14:55"
134,"How do I get to the desert area?","2026-03-28 12:15:15"
135,"WTS [Rare Armor Set] - level 40.","2026-03-28 12:16:40"
136,"Looking for a leveling partner.","2026-03-28 12:17:12"
137,"LF1M Healer for 'The Sunken Temple'.","2026-03-28 12:18:33"
138,"WTB [Ancient Relic] for quest.","2026-03-28 12:19:50"
139,"Does anyone need a DPS for their group?","2026-03-28 12:20:05"
140,"WTS [Legendary Sword] whisper offers.","2026-03-28 12:21:44"
141,"Guild <Inferno> is recruiting!","2026-03-28 12:22:15"
142,"Where is the best place to find Iron?","2026-03-28 12:23:40"
143,"LF Tank for elite quests in the mountains.","2026-03-28 12:24:12"
144,"Selling [Healing Potions] - cheap!","2026-03-28 12:25:33"
145,"Who wants to go on a dungeon run?","2026-03-28 12:26:50"
146,"LF Healer for 'The Dark Tower'.","2026-03-28 12:27:15"
147,"WTB [Exotic Fruit] for cooking.","2026-03-28 12:28:44"
148,"WTS [Epic Bow] whisper for stats.","2026-03-28 12:29:05"
149,"Looking for help with a world boss.","2026-03-28 12:30:22"
150,"LF1M DPS for raid.","2026-03-28 12:31:40"
151,"Trading [Copper Bar] for [Tin Bar].","2026-03-28 12:32:55"
152,"WTB [Rare Herb] for quest.","2026-03-28 12:33:15"
153,"How do I learn new skills?","2026-03-28 12:34:40"
154,"LF Tank and Healer for 'The Lost City'.","2026-03-28 12:35:12"
155,"Selling [Magic Dust] - bulk prices!","2026-03-28 12:36:33"
156,"Does anyone want to trade items?","2026-03-28 12:37:50"
157,"WTS [Rare Recipe] whisper me.","2026-03-28 12:38:15"
158,"LF1M Healer for dungeon run.","2026-03-28 12:39:44"
159,"Who is recruiting for a social guild?","2026-03-28 12:40:05"
160,"Guild <Storm> is looking for members.","2026-03-28 12:41:22"
161,"LF Tank for raid tonight.","2026-03-28 12:42:45"
162,"WTB [Ancient Coin] for collector.","2026-03-28 12:43:30"
163,"Selling [Epic Armor Piece] whisper.","2026-03-28 12:44:55"
164,"Where can I find a group for PvP?","2026-03-28 12:45:15"
165,"LF2M DPS for elite questing.","2026-03-28 12:46:40"
166,"WTS [Legendary Trinket] whisper.","2026-03-28 12:47:12"
167,"Is there a healer available for dungeon?","2026-03-28 12:48:33"
168,"LF Tank for 'The Fire Caves'.","2026-03-28 12:49:50"
169,"WTB [Rare Cloth] whisper price.","2026-03-28 12:50:05"
170,"Selling [Healing Potion] whisper me.","2026-03-28 12:51:44"
171,"How do I get a mount?","2026-03-28 12:52:15"
172,"LF1M Healer for raid.","2026-03-28 12:53:40"
173,"WTS [Epic Sword] whisper offers.","2026-03-28 12:54:12"
174,"Looking for a guild that raids.","2026-03-28 12:55:33"
175,"LF Tank for daily dungeon run.","2026-03-28 12:56:50"
176,"WTB [Ancient Map] for quest.","2026-03-28 12:57:15"
177,"Selling [Magic Wand] - whisper me.","2026-03-28 12:58:44"
178,"Does anyone need a tank for raid?","2026-03-28 12:59:05"
179,"LF Healer for 'The Sunken Temple'.","2026-03-28 13:00:22"
180,"WTS [Rare Shield] whisper for price.","2026-03-28 13:01:40"
181,"Guild <Apex> is recruiting!","2026-03-28 13:02:55"
182,"Who want to join a party for questing?","2026-03-28 13:03:15"
183,"LF Tank and Healer for elite boss.","2026-03-28 13:04:40"
184,"Selling [Healing Potions] - bulk!","2026-03-28 13:05:12"
185,"Where is the best place to farm herbs?","2026-03-28 13:06:33"
186,"WTS [Epic Bow] whisper for stats.","2026-03-28 13:07:50"
187,"LF1M DPS for raid tonight.","2026-03-28 13:08:15"
188,"Trading [Silver Bar] for [Gold Bar].","2026-03-28 13:09:44"
189,"WTB [Rare Ore] whisper prices.","2026-03-28 13:10:05"
190,"Guild <Zenith> is looking for tanks.","2026-03-28 13:11:22"
191,"LF Healer for arena 2v2.","2026-03-28 13:12:45"
192,"WTS [Legendary Staff] whisper me.","2026-03-28 13:13:30"
193,"How do I get to the snowy area?","2026-03-28 13:14:55"
194,"LF Tank for 'The Lost City'.","2026-03-28 13:15:15"
195,"Selling [Magic Dust] whisper price.","2026-03-28 13:16:40"
196,"Looking for a leveling buddy!","2026-03-28 13:17:12"
197,"WTS [Rare Armor] whisper stats.","2026-03-28 13:18:33"
198,"LF Healer for daily dungeon.","2026-03-28 13:19:50"
199,"WTB [Exotic Pet] whisper me.","2026-03-28 13:20:05"
200,"Guild <Titan> now recruiting active players!","2026-03-28 13:21:44"
201,"LF1M Tank for Heroic Spore Giant. 5k+ Gearscore required.","2026-03-28 13:22:05"
202,"WTS [Primal Fire] x10. 100g each. No lowballs.","2026-03-28 13:23:12"
203,"Anyone seen the Wandering Merchant in the Highlands?","2026-03-28 13:24:45"
204,"Selling portals to all major cities! Tips appreciated.","2026-03-28 13:25:10"
205,"WTB [Heavy Knothide Leather] stacks. PST price.","2026-03-28 13:26:22"
206,"Guild <Vanguard> is 12/12 Mythic! Recruiting Core DPS.","2026-03-28 13:27:01"
207,"Why does the Paladin bubble feel so short this patch?","2026-03-28 13:27:55"
208,"I just lost the roll on the mount by 1 point... FML.","2026-03-28 13:29:30"
209,"Looking for a Mage to craft some food for a dungeon.","2026-03-28 13:30:15"
210,"PvP is popping at the Southern Outpost! Come help!","2026-03-28 13:31:40"
211,"Does Haste actually reduce the global cooldown?","2026-03-28 13:32:05"
212,"LF Healer for Arena 3v3. We are pushing 2k rating.","2026-03-28 13:33:22"
213,"WTS [Glinting Amethyst] x5. Cut or Uncut.","2026-03-28 13:34:45"
214,"Where do I turn in the 'Severed Head' quest?","2026-03-28 13:35:33"
215,"Looking for an Enchanter for [Formula: Greater Agility].","2026-03-28 13:36:10"
216,"Guild <Casual Fridays> looking for chill social members!","2026-03-28 13:37:25"
217,"Server restart in 15 minutes! Wrap it up guys.","2026-03-28 13:38:40"
218,"Trading [Blue Dragonscale] for [Red Dragonscale].","2026-03-28 13:39:15"
219,"LF DPS for 'Underlight Marsh' quest chain.","2026-03-28 13:40:50"
220,"Just got my Epic Flying training! I'm broke now.","2026-03-28 13:42:00"
221,"Is the 'Hidden Grotto' boss soloable for a Hunter?","2026-03-28 13:43:12"
222,"WTS [Darkmoon Card: Crusade]. Best offer.","2026-03-28 13:44:05"
223,"LF Tank and Healer for fast badge run.","2026-03-28 13:45:14"
224,"Stop pulling extra mobs! You're gonna wipe us.","2026-03-28 13:46:45"
225,"Anyone want to start a premade Battleground group?","2026-03-28 13:47:30"
226,"Selling [Kurenai Beads] for rep. Whisper me.","2026-03-28 13:48:15"
227,"Guild <REBORN> is now open for all classes.","2026-03-28 13:49:55"
228,"WTB [Mote of Air] x20. COD to 'Grommash'.","2026-03-28 13:50:40"
229,"Seriously, nerf Rogues. They are 2-shotting me.","2026-03-28 13:52:10"
230,"LF group for 'Battle for the Hill' elite quest.","2026-03-28 13:53:05"
231,"Can anyone craft [Adamantite Cleaver]?","2026-03-28 13:54:44"
232,"Reporting a scammer in Trade chat: 'GoldFarmer99'.","2026-03-28 13:55:15"
233,"Is it better to stack Stamina or Dodge for Warrior?","2026-03-28 13:56:50"
234,"WTS [Schematic: Rocket Boots Xtreme].","2026-03-28 13:57:20"
235,"LF1M DPS for 'The Black Morass'. Have key.","2026-03-28 13:58:12"
236,"Why is the flight path to the tundra so long?","2026-03-28 13:59:05"
237,"WTB [Netherweave Cloth] stacks. Need lots.","2026-03-28 14:00:45"
238,"Anyone have the 'Salty' title yet? Grinding fishing.","2026-03-28 14:01:30"
239,"Help, I fell through the map in the desert!","2026-03-28 14:02:55"
240,"Looking for a Jewelcrafter for [Bold Living Ruby].","2026-03-28 14:03:20"
241,"LF Tank for 'Shattered Halls'. 70 only.","2026-03-28 14:04:15"
242,"WTS [Swift Windstrider] mount. Rare drop!","2026-03-28 14:05:40"
243,"How do I unlock the daily quests in the sky area?","2026-03-28 14:06:05"
244,"Selling [Greater Planar Essence] x15.","2026-03-28 14:07:12"
245,"LF group for 'Arena of Blood'. Need all.","2026-03-28 14:08:50"
246,"Does anyone have a spare [Large Brilliant Shard]?","2026-03-28 14:09:33"
247,"Guild <Overlord> looking for more for 25-man raid.","2026-03-28 14:10:22"
248,"WTB [Deviate Fish]. Don't ask why.","2026-03-28 14:11:15"
249,"Can a Druid tank the final boss of 'Steamvault'?","2026-03-28 14:12:40"
250,"WTS [Pattern: Spellstrike Pants]. High offer wins.","2026-03-28 14:13:05"
251,"LF Healer for 'Old Hillsbrad' dungeon.","2026-03-28 14:14:45"
252,"Trading [Terocone] for [Dreaming Glory].","2026-03-28 14:15:30"
253,"Anyone want to form a world pvp raid?","2026-03-28 14:16:15"
254,"Selling [Adamantite Frame] for engineering quest.","2026-03-28 14:17:20"
255,"LF Tank and DPS for 'Sethekk Halls'.","2026-03-28 14:18:44"
256,"Where is the spirit healer in this zone? I'm lost.","2026-03-28 14:19:12"
257,"WTB [Cobra Scales]. Need 10.","2026-03-28 14:20:30"
258,"Guild <Moonlight> looking for active night owls.","2026-03-28 14:21:05"
259,"Just hit Exalted with the Sporeggar!","2026-03-28 14:22:22"
260,"Who wants to duel for 10 gold? Main gate.","2026-03-28 14:23:40"
261,"LF group for 'The Cipher of Damnation'. Elite.","2026-03-28 14:24:55"
262,"Selling [Nightseye] x3. Whisper me.","2026-03-28 14:25:15"
263,"Does anyone know where 'Naga' are located?","2026-03-28 14:26:40"
264,"WTS [Mana Thistle] x20. 200g.","2026-03-28 14:27:12"
265,"Looking for a blacksmith to repair my gear.","2026-03-28 14:28:33"
266,"Is the server laggy for everyone else too?","2026-03-28 14:29:50"
267,"LF1M Healer for dungeon. We have summons.","2026-03-28 14:30:15"
268,"Trading [Fel Iron Ore] for [Adamantite Ore].","2026-03-28 14:31:44"
269,"WTB [Primal Might] x2. Whisper price.","2026-03-28 14:32:05"
270,"Finally got the 'Raven Lord' mount!!!","2026-03-28 14:33:22"
271,"LF DPS for 'The Arcatraz'. Heroic mode.","2026-03-28 14:34:45"
272,"Selling [Super Mana Potion] x20.","2026-03-28 14:35:30"
273,"Guild <Havoc> recruiting 70s for Karazhan.","2026-03-28 14:36:55"
274,"Anyone want to trade a pet for a rare recipe?","2026-03-28 14:37:15"
275,"Where is the best place to farm 'Fire Essence'?","2026-03-28 14:38:40"
276,"WTS [Blade of Wizardry]. Epic sword!","2026-03-28 14:39:12"
277,"LF1M Tank for dungeon. Almost full.","2026-03-28 14:40:33"
278,"Help, I am stuck in combat and can't mount!","2026-03-28 14:41:50"
279,"WTB [Heavy Knothide Leather] x50.","2026-03-28 14:42:05"
280,"Looking for a high level Alchemist.","2026-03-28 14:43:44"
281,"Trading [Copper] for [Linen].","2026-03-28 14:44:15"
282,"Is it possible to solo 'The Slave Pens'?","2026-03-28 14:45:40"
283,"LF Healer for arena 3v3. 1500+ CR.","2026-03-28 14:46:12"
284,"Selling [Recipe: Flask of Relentless Assault].","2026-03-28 14:47:33"
285,"Where do I find the NPC for the cloak quest?","2026-03-28 14:48:50"
286,"WTS [Void Crystal] x10.","2026-03-28 14:49:15"
287,"Guild <Omen> looking for more for Sunwell.","2026-03-28 14:50:44"
288,"Just saw a player with the 'Amani War Bear'!","2026-03-28 14:51:05"
289,"LF group for 'The Blood Furnace'. Level 60+.","2026-03-28 14:52:22"
290,"Trading [Ruby] for [Sapphire].","2026-03-28 14:53:40"
291,"Looking for help with a dungeon quest.","2026-03-28 14:54:55"
292,"WTB [Iron Bar] x50. Mail to 'SteelWorker'.","2026-03-28 14:55:15"
293,"How many levels until I can fly?","2026-03-28 14:56:40"
294,"LF1M Tank for dungeon. Fast run.","2026-03-28 14:57:12"
295,"Selling [Leather Belt] - great for leveling!","2026-03-28 14:58:33"
296,"Is it worth it to level up first aid?","2026-03-28 14:59:50"
297,"WTS [Rare Pattern] for Tailoring.","2026-03-28 15:00:15"
298,"LF Healer for world boss. 40 man group.","2026-03-28 15:01:44"
299,"Anyone want to join my dungeon group?","2026-03-28 15:02:05"
300,"Guild <Prophecy> is now recruiting raiders!","2026-03-28 15:03:22"
301,"LF Tank for 'Auchenai Crypts'.","2026-03-28 15:04:45"
302,"WTB [Wool Cloth] stacks. COD 'Tailor123'.","2026-03-28 15:05:30"
303,"Selling [Magic Dust] - whisper for bulk price.","2026-03-28 15:06:55"
304,"What is the respawn time for the rare mob here?","2026-03-28 15:07:15"
305,"LF2M DPS for dungeon. Quick clear.","2026-03-28 15:08:40"
306,"WTS [Steel Mace] - level 25 requirement.","2026-03-28 15:09:12"
307,"Where is the best place to farm silk?","2026-03-28 15:10:33"
308,"Looking for a hardcore raiding guild.","2026-03-28 15:11:50"
309,"LF Healer and Tank for daily heroic.","2026-03-28 15:12:05"
310,"Trading [Silver] for [Gold]. High rates.","2026-03-28 15:13:44"
311,"Who wants to join a raid for city defense?","2026-03-28 15:14:15"
312,"WTB [Primal Life] x5. Whisper me.","2026-03-28 15:15:40"
313,"Selling [Invisibility Potion] x10.","2026-03-28 15:16:12"
314,"How do I respec my talent tree?","2026-03-28 15:17:33"
315,"LF1M for 'The Mana Tombs' group.","2026-03-28 15:18:50"
316,"WTS [Epic Trinket] - serious offers only please.","2026-03-28 15:19:15"
317,"Guild <Honor> is recruiting active players!","2026-03-28 15:20:44"
318,"Is the global auction house safe to use?","2026-03-28 15:21:05"
319,"LF Tank for 'The Botanica'. Level 70.","2026-03-28 15:22:22"
320,"WTB [Exotic Pet] whisper me with prices.","2026-03-28 15:23:40"
321,"Selling [Rare Herbs] for Alchemy and Inscription.","2026-03-28 15:24:55"
322,"Looking for help with a high level elite quest.","2026-03-28 15:25:15"
323,"LF Healer for 'The Steamvault'.","2026-03-28 15:26:40"
324,"Does anyone have a spare mount I can buy?","2026-03-28 15:27:12"
325,"WTS [Epic Shield] - whisper for details.","2026-03-28 15:28:33"
326,"Where is the master trainer for Engineering?","2026-03-28 15:29:50"
327,"LF1M DPS for quick heroic run.","2026-03-28 15:30:15"
328,"Trading [Tin Ore] for [Copper Ore].","2026-03-28 15:31:44"
329,"WTB [Rare Gem] for legendary craft.","2026-03-28 15:32:05"
330,"Guild <Solaris> looking for social members.","2026-03-28 15:33:22"
331,"Who wants to join a premade battleground?","2026-03-28 15:34:45"
332,"LF Tank and Healer for Karazhan raid.","2026-03-28 15:35:30"
333,"Selling [Magic Wand] whisper for stats.","2026-03-28 15:36:55"
334,"How do I get to the island area?","2026-03-28 15:37:15"
335,"WTS [Rare Armor Set] for level 60.","2026-03-28 15:38:40"
336,"Looking for a partner to level in the swamp.","2026-03-28 15:39:12"
337,"LF1M Healer for dungeon. We are at boss.","2026-03-28 15:40:33"
338,"WTB [Ancient Relic] whisper me.","2026-03-28 15:41:50"
339,"Does anyone need a DPS for their dungeon?","2026-03-28 15:42:05"
340,"WTS [Legendary Ring] whisper offers.","2026-03-28 15:43:44"
341,"Guild <Pandemic> is recruiting! All welcome.","2026-03-28 15:44:15"
342,"Where is the best place to find Gold Ore?","2026-03-28 15:45:40"
343,"LF Tank for elite dungeon quest.","2026-03-28 15:46:12"
344,"Selling [Healing Potions] - discount for guilds!","2026-03-28 15:47:33"
345,"Who wants to go on a world tour raid?","2026-03-28 15:48:50"
346,"LF Healer for 'The Shadow Labyrinth'.","2026-03-28 15:49:15"
347,"WTB [Exotic Fruit] for guild event.","2026-03-28 15:50:44"
348,"WTS [Epic Bow] whisper for stats.","2026-03-28 15:51:05"
349,"Looking for help with a world boss spawn.","2026-03-28 15:52:22"
350,"LF1M DPS for raid. Must have discord.","2026-03-28 15:53:40"
351,"Trading [Iron] for [Silver].","2026-03-28 15:54:55"
352,"WTB [Rare Herb] whisper me.","2026-03-28 15:55:15"
353,"How do I learn the epic flying skill?","2026-03-28 15:56:40"
354,"LF Tank and Healer for 'The Arcatraz'.","2026-03-28 15:57:12"
355,"Selling [Magic Dust] - whisper for info.","2026-03-28 15:58:33"
356,"Does anyone want to trade skins?","2026-03-28 15:59:50"
357,"WTS [Rare Recipe] whisper me.","2026-03-28 16:00:15"
358,"LF1M Healer for quick daily run.","2026-03-28 16:01:44"
359,"Who is recruiting for a casual guild?","2026-03-28 16:02:05"
360,"Guild <Aurora> is looking for members.","2026-03-28 16:03:22"
361,"LF Tank for raid tonight. PST.","2026-03-28 16:04:45"
362,"WTB [Ancient Coin] whisper me.","2026-03-28 16:05:30"
363,"Selling [Epic Plate Armor] whisper.","2026-03-28 16:06:55"
364,"Where can I find a group for arena?","2026-03-28 16:07:15"
365,"LF2M DPS for elite mob farming.","2026-03-28 16:08:40"
366,"WTS [Legendary Charm] whisper.","2026-03-28 16:09:12"
367,"Is there a healer for 'The Slave Pens'?","2026-03-28 16:10:33"
368,"LF Tank for 'The Mana Tombs'.","2026-03-28 16:11:50"
369,"WTB [Rare Cloth] whisper prices.","2026-03-28 16:12:05"
370,"Selling [Healing Potion] whisper me.","2026-03-28 16:13:44"
371,"How do I get a flying mount?","2026-03-28 16:14:15"
372,"LF1M Healer for raid. Need one more.","2026-03-28 16:15:40"
373,"WTS [Epic Mace] whisper offers.","2026-03-28 16:16:12"
374,"Looking for a guild that raids weekends.","2026-03-28 16:17:33"
375,"LF Tank for fast daily run.","2026-03-28 16:18:50"
376,"WTB [Ancient Map] for treasure quest.","2026-03-28 16:19:15"
377,"Selling [Magic Wand] - whisper me stats.","2026-03-28 16:20:44"
378,"Does anyone need a tank for dungeon?","2026-03-28 16:21:05"
379,"LF Healer for 'The Shadow Labyrinth'.","2026-03-28 16:22:22"
380,"WTS [Rare Shield] whisper for price.","2026-03-28 16:23:40"
381,"Guild <Mythos> is recruiting raiders!","2026-03-28 16:24:55"
382,"Who want to join a party for farming?","2026-03-28 16:25:15"
383,"LF Tank and Healer for world boss.","2026-03-28 16:26:40"
384,"Selling [Healing Potions] whisper me.","2026-03-28 16:27:12"
385,"Where is the best place to farm leather?","2026-03-28 16:28:33"
386,"WTS [Epic Staff] whisper for stats.","2026-03-28 16:29:50"
387,"LF1M DPS for raid tonight. PST.","2026-03-28 16:30:15"
388,"Trading [Gold] for [Silver].","2026-03-28 16:31:44"
389,"WTB [Rare Ore] whisper me prices.","2026-03-28 16:32:05"
390,"Guild <Summit> is looking for tanks.","2026-03-28 16:33:22"
391,"LF Healer for 2v2 arena group.","2026-03-28 16:34:45"
392,"WTS [Legendary Necklace] whisper me.","2026-03-28 16:35:30"
393,"How do I get to the jungle area?","2026-03-28 16:36:55"
394,"LF Tank for 'The Arcatraz'.","2026-03-28 16:37:15"
395,"Selling [Magic Dust] whisper price.","2026-03-28 16:38:40"
396,"Looking for a friend to level up with.","2026-03-28 16:39:12"
397,"WTS [Rare Chestpiece] whisper stats.","2026-03-28 16:40:33"
398,"LF Healer for dungeon run. PST.","2026-03-28 16:41:50"
399,"WTB [Exotic Pet] whisper me info.","2026-03-28 16:42:05"
400,"Guild <Omega> recruiting active players!","2026-03-28 16:43:44"